{"_step":0,"_wandb":{"runtime":13},"Accuracy":0.6277056277056277,"_timestamp":1.750597059486683e+09,"_runtime":13.6233166}