{"_timestamp":1.7505971332552407e+09,"_runtime":5.9265343,"_step":0,"_wandb":{"runtime":6},"Accuracy":0.6926406926406926}