{"_runtime":8.935484,"_step":0,"_wandb":{"runtime":8},"Accuracy":0.6277056277056277,"_timestamp":1.7505971478475828e+09}