{"Accuracy":0.696969696969697,"_timestamp":1.7505970377456772e+09,"_runtime":18.3462334,"_step":0,"_wandb":{"runtime":18}}