{"_step":0,"_wandb":{"runtime":5},"Accuracy":0.6277056277056277,"_timestamp":1.750597160776903e+09,"_runtime":5.907192}