{"_wandb":{"runtime":10},"Accuracy":0.7012987012987013,"_timestamp":1.7505970773487253e+09,"_runtime":10.0881656,"_step":0}