{"accuracy":0.92,"_timestamp":1.7505078642867627e+09,"_runtime":10.729558,"_step":0,"_wandb":{"runtime":413}}