{"_timestamp":1.7505971213219948e+09,"_wandb":{"runtime":12},"_runtime":12.6562568,"_step":0,"Accuracy":0.7012987012987013}