{"_runtime":13.820706,"_step":0,"Accuracy":0.696969696969697,"_wandb":{"runtime":13},"_timestamp":1.7505970115908818e+09}