{"_step":0,"_wandb":{"runtime":12},"Accuracy":0.7012987012987013,"_timestamp":1.7505970981688268e+09,"_runtime":12.0562277}