{"_wandb":{"runtime":9},"Accuracy":0.7012987012987013,"_timestamp":1.7505969901696126e+09,"_runtime":9.8802592,"_step":0}